<?xml version="1.0" encoding="UTF-8"?>
<module name="openconfig-platform"
        xmlns="urn:ietf:params:xml:ns:yang:yin:1"
        xmlns:oc-platform="http://openconfig.net/yang/platform"
        xmlns:oc-platform-types="http://openconfig.net/yang/platform-types"
        xmlns:oc-ext="http://openconfig.net/yang/openconfig-ext"
        xmlns:oc-alarm-types="http://openconfig.net/yang/alarms/types"
        xmlns:oc-yang="http://openconfig.net/yang/types/yang"
        xmlns:oc-types="http://openconfig.net/yang/openconfig-types">
  <yang-version value="1"/>
  <namespace uri="http://openconfig.net/yang/platform"/>
  <prefix value="oc-platform"/>
  <import module="openconfig-platform-types">
    <prefix value="oc-platform-types"/>
  </import>
  <import module="openconfig-extensions">
    <prefix value="oc-ext"/>
  </import>
  <import module="openconfig-alarm-types">
    <prefix value="oc-alarm-types"/>
  </import>
  <import module="openconfig-yang-types">
    <prefix value="oc-yang"/>
  </import>
  <import module="openconfig-types">
    <prefix value="oc-types"/>
  </import>
  <include module="openconfig-platform-common"/>
  <organization>
    <text>OpenConfig working group</text>
  </organization>
  <contact>
    <text>OpenConfig working group
www.openconfig.net</text>
  </contact>
  <description>
    <text>This module defines a data model for representing a system
component inventory, which can include hardware or software
elements arranged in an arbitrary structure. The primary
relationship supported by the model is containment, e.g.,
components containing subcomponents.

It is expected that this model reflects every field replacable
unit on the device at a minimum (i.e., additional information
may be supplied about non-replacable components).

Every element in the inventory is termed a 'component' with each
component expected to have a unique name and type, and optionally
a unique system-assigned identifier and FRU number.  The
uniqueness is guaranteed by the system within the device.

Components may have properties defined by the system that are
modeled as a list of key-value pairs. These may or may not be
user-configurable.  The model provides a flag for the system
to optionally indicate which properties are user configurable.

Each component also has a list of 'subcomponents' which are
references to other components. Appearance in a list of
subcomponents indicates a containment relationship as described
above.  For example, a linecard component may have a list of
references to port components that reside on the linecard.

This schema is generic to allow devices to express their own
platform-specific structure.  It may be augmented by additional
component type-specific schemas that provide a common structure
for well-known component types.  In these cases, the system is
expected to populate the common component schema, and may
optionally also represent the component and its properties in the
generic structure.

The properties for each component may include dynamic values,
e.g., in the 'state' part of the schema.  For example, a CPU
component may report its utilization, temperature, or other
physical properties.  The intent is to capture all platform-
specific physical data in one location, including inventory
(presence or absence of a component) and state (physical
attributes or status).</text>
  </description>
  <oc-ext:openconfig-version semver="0.30.0"/>
  <revision date="2024-10-13">
    <description>
      <text>Add storage state io-errors.</text>
    </description>
    <reference>
      <text>0.30.0</text>
    </reference>
  </revision>
  <revision date="2024-10-13">
    <description>
      <text>Deprecate component id leaf</text>
    </description>
    <reference>
      <text>0.29.0</text>
    </reference>
  </revision>
  <revision date="2024-08-08">
    <description>
      <text>Update description of model-name leaf.</text>
    </description>
    <reference>
      <text>0.28.0</text>
    </reference>
  </revision>
  <revision date="2024-05-29">
    <description>
      <text>Change install-position from leaf-ref to string.</text>
    </description>
    <reference>
      <text>0.27.0</text>
    </reference>
  </revision>
  <revision date="2024-04-12">
    <description>
      <text>Add install-position, install-component and deprecate location and
slot-id.</text>
    </description>
    <reference>
      <text>0.26.0</text>
    </reference>
  </revision>
  <revision date="2024-01-30">
    <description>
      <text>Updated description for component-power-type</text>
    </description>
    <reference>
      <text>0.25.0</text>
    </reference>
  </revision>
  <revision date="2023-11-28">
    <description>
      <text>Add model-name</text>
    </description>
    <reference>
      <text>0.24.0</text>
    </reference>
  </revision>
  <revision date="2023-02-13">
    <description>
      <text>Refactor resource utilization threshold config into a separate grouping.
Update 'utilization resource' to 'resource utilization'.</text>
    </description>
    <reference>
      <text>0.23.0</text>
    </reference>
  </revision>
  <revision date="2022-12-20">
    <description>
      <text>Add threshold and threshold-exceeded for resource usage.</text>
    </description>
    <reference>
      <text>0.22.0</text>
    </reference>
  </revision>
  <revision date="2022-12-19">
    <description>
      <text>Update last-high-watermark timestamp documentation.</text>
    </description>
    <reference>
      <text>0.21.1</text>
    </reference>
  </revision>
  <revision date="2022-09-26">
    <description>
      <text>Add state data for base-mac-address.</text>
    </description>
    <reference>
      <text>0.21.0</text>
    </reference>
  </revision>
  <revision date="2022-08-31">
    <description>
      <text>Add new state data for component CLEI code.</text>
    </description>
    <reference>
      <text>0.20.0</text>
    </reference>
  </revision>
  <revision date="2022-07-28">
    <description>
      <text>Add container for controller card component</text>
    </description>
    <reference>
      <text>0.19.0</text>
    </reference>
  </revision>
  <revision date="2022-07-11">
    <description>
      <text>Add switchover ready</text>
    </description>
    <reference>
      <text>0.18.0</text>
    </reference>
  </revision>
  <revision date="2022-06-10">
    <description>
      <text>Specify units and epoch for switchover and reboot times.</text>
    </description>
    <reference>
      <text>0.17.0</text>
    </reference>
  </revision>
  <revision date="2022-04-21">
    <description>
      <text>Add platform utilization.</text>
    </description>
    <reference>
      <text>0.16.0</text>
    </reference>
  </revision>
  <revision date="2022-02-02">
    <description>
      <text>Add new state data for component reboot and
switchover.</text>
    </description>
    <reference>
      <text>0.15.0</text>
    </reference>
  </revision>
  <revision date="2021-08-13">
    <description>
      <text>Add container for PCIe error statistics</text>
    </description>
    <reference>
      <text>0.14.0</text>
    </reference>
  </revision>
  <revision date="2021-01-18">
    <description>
      <text>Add container for software module component</text>
    </description>
    <reference>
      <text>0.13.0</text>
    </reference>
  </revision>
  <revision date="2019-04-16">
    <description>
      <text>Fix bug in parent path reference</text>
    </description>
    <reference>
      <text>0.12.2</text>
    </reference>
  </revision>
  <revision date="2018-11-21">
    <description>
      <text>Add OpenConfig module metadata extensions.</text>
    </description>
    <reference>
      <text>0.12.1</text>
    </reference>
  </revision>
  <revision date="2018-06-29">
    <description>
      <text>Added location description for components</text>
    </description>
    <reference>
      <text>0.12.0</text>
    </reference>
  </revision>
  <revision date="2018-06-03">
    <description>
      <text>Added parent reference, empty flag and preconfiguration
for components</text>
    </description>
    <reference>
      <text>0.11.0</text>
    </reference>
  </revision>
  <revision date="2018-04-20">
    <description>
      <text>Added new per-component state data: mfg-date and removable</text>
    </description>
    <reference>
      <text>0.10.0</text>
    </reference>
  </revision>
  <revision date="2018-01-30">
    <description>
      <text>Amended approach for modelling CPU - rather than having
a local CPU utilisation state variable, a component with
a CPU should create a subcomponent of type CPU to report
statistics.</text>
    </description>
    <reference>
      <text>0.9.0</text>
    </reference>
  </revision>
  <revision date="2018-01-16">
    <description>
      <text>Added new per-component common data; add temp alarm;
moved hardware-port reference to port model</text>
    </description>
    <reference>
      <text>0.8.0</text>
    </reference>
  </revision>
  <revision date="2017-12-14">
    <description>
      <text>Added anchor containers for component data, added new
component types</text>
    </description>
    <reference>
      <text>0.7.0</text>
    </reference>
  </revision>
  <revision date="2017-08-16">
    <description>
      <text>Added power state enumerated type</text>
    </description>
    <reference>
      <text>0.6.0</text>
    </reference>
  </revision>
  <revision date="2016-12-22">
    <description>
      <text>Added temperature state variable to component</text>
    </description>
    <reference>
      <text>0.5.0</text>
    </reference>
  </revision>
  <oc-ext:regexp-posix/>
  <oc-ext:catalog-organization org="openconfig"/>
  <oc-ext:origin origin="openconfig"/>
  <grouping name="platform-component-properties-config">
    <description>
      <text>System-defined configuration data for component properties</text>
    </description>
    <leaf name="name">
      <type name="string"/>
      <description>
        <text>System-supplied name of the property -- this is typically
non-configurable</text>
      </description>
    </leaf>
    <leaf name="value">
      <type name="union">
        <type name="string"/>
        <type name="boolean"/>
        <type name="int64"/>
        <type name="uint64"/>
        <type name="decimal64">
          <fraction-digits value="2"/>
        </type>
      </type>
      <description>
        <text>Property values can take on a variety of types.  Signed and
unsigned integer types may be provided in smaller sizes,
e.g., int8, uint16, etc.</text>
      </description>
    </leaf>
  </grouping>
  <grouping name="platform-component-properties-state">
    <description>
      <text>Operational state data for component properties</text>
    </description>
    <leaf name="configurable">
      <type name="boolean"/>
      <description>
        <text>Indication whether the property is user-configurable</text>
      </description>
    </leaf>
  </grouping>
  <grouping name="platform-component-properties-top">
    <description>
      <text>Top-level grouping </text>
    </description>
    <container name="properties">
      <description>
        <text>Enclosing container </text>
      </description>
      <list name="property">
        <key value="name"/>
        <description>
          <text>List of system properties for the component</text>
        </description>
        <leaf name="name">
          <type name="leafref">
            <path value="../config/name"/>
          </type>
          <description>
            <text>Reference to the property name.</text>
          </description>
        </leaf>
        <container name="config">
          <description>
            <text>Configuration data for each property</text>
          </description>
          <uses name="platform-component-properties-config"/>
        </container>
        <container name="state">
          <config value="false"/>
          <description>
            <text>Operational state data for each property</text>
          </description>
          <uses name="platform-component-properties-config"/>
          <uses name="platform-component-properties-state"/>
        </container>
      </list>
    </container>
  </grouping>
  <grouping name="platform-subcomponent-ref-config">
    <description>
      <text>Configuration data for subcomponent references</text>
    </description>
    <leaf name="name">
      <type name="leafref">
        <path value="../../../../../component/config/name"/>
      </type>
      <description>
        <text>Reference to the name of the subcomponent</text>
      </description>
    </leaf>
  </grouping>
  <grouping name="platform-subcomponent-ref-state">
    <description>
      <text>Operational state data for subcomponent references</text>
    </description>
  </grouping>
  <grouping name="platform-subcomponent-ref-top">
    <description>
      <text>Top-level grouping for list of subcomponent references</text>
    </description>
    <container name="subcomponents">
      <description>
        <text>Enclosing container for subcomponent references</text>
      </description>
      <list name="subcomponent">
        <key value="name"/>
        <description>
          <text>List of subcomponent references</text>
        </description>
        <leaf name="name">
          <type name="leafref">
            <path value="../config/name"/>
          </type>
          <description>
            <text>Reference to the name list key</text>
          </description>
        </leaf>
        <container name="config">
          <description>
            <text>Configuration data for the subcomponent</text>
          </description>
          <uses name="platform-subcomponent-ref-config"/>
        </container>
        <container name="state">
          <config value="false"/>
          <description>
            <text>Operational state data for the subcomponent</text>
          </description>
          <uses name="platform-subcomponent-ref-config"/>
          <uses name="platform-subcomponent-ref-state"/>
        </container>
      </list>
    </container>
  </grouping>
  <grouping name="platform-component-config">
    <description>
      <text>Configuration data for components</text>
    </description>
    <leaf name="name">
      <type name="string"/>
      <description>
        <text>Device name for the component -- this may not be a
configurable parameter on many implementations.  Where
component preconfiguration is supported, for example,
the component name may be configurable.</text>
      </description>
    </leaf>
  </grouping>
  <grouping name="platform-component-state">
    <description>
      <text>Operational state data for device components.</text>
    </description>
    <leaf name="type">
      <type name="union">
        <type name="identityref">
          <base name="oc-platform-types:OPENCONFIG_HARDWARE_COMPONENT"/>
        </type>
        <type name="identityref">
          <base name="oc-platform-types:OPENCONFIG_SOFTWARE_COMPONENT"/>
        </type>
      </type>
      <description>
        <text>Type of component as identified by the system</text>
      </description>
    </leaf>
    <leaf name="id">
      <type name="string"/>
      <status value="deprecated"/>
      <description>
        <text>Unique identifier assigned by the system for the
component</text>
      </description>
    </leaf>
    <leaf name="location">
      <type name="string"/>
      <status value="deprecated"/>
      <description>
        <text>System-supplied description of the location of the
component within the system. This could be a bay position,
slot number, socket location, etc. For component types that
have an explicit slot-id attribute, such as linecards, the
system should populate the more specific slot-id.

This leaf is deprecated and replaced by install-position and
install-component.</text>
      </description>
    </leaf>
    <leaf name="install-position">
      <type name="string"/>
      <description>
        <text>System-supplied index to a position where this component is
installed.  The position may be referred in device documenation
as a port, slot, bay, socket, etc.  This string must only
indicate the name of the position, and not any indication of
the name of the parent component within the system.  Instead,
parent component name should be present in the 'parent' leaf.

Typically the install-position is a number, but it is observed
that some devices may use letters or alphanumerics.  The
position name should be the same name used to physically
identify the position in documentation or printed on the
device.

Any component which is removable is expected to have
an install-position and an install-component which points to
an ancestor component where the connection occurs.

For component types that have an explicit slot-id attribute,
such as LINECARD, the system should populate slot-id,
install-position and install-component.  This will facilitate a
transition to deprecate slot-id.</text>
      </description>
    </leaf>
    <leaf name="install-component">
      <type name="leafref">
        <path value="../name"/>
      </type>
      <description>
        <text>This leaf contains the name of the ancestor component which
contains the 'install-position'.  This creates a distinct
mapping between a removable component and the target component
it is installed into.  Note there may be zero or more
intermediate components between the removable component and
the install-component.

For example, consider the component tree
PORT ['eth1/2']-&gt; INTEGRATED_CIRCUIT ['npu1']-&gt; LINECARD ['lc1'].
The PORT has an install-position of '2' and install-component named
'lc1'.  The intermediate INTEGRATED-CIRCUIT component is not
present in either install-position or install-component leaves.</text>
      </description>
    </leaf>
    <leaf name="description">
      <type name="string"/>
      <description>
        <text>System-supplied description of the component</text>
      </description>
    </leaf>
    <leaf name="mfg-name">
      <type name="string"/>
      <description>
        <text>System-supplied identifier for the manufacturer of the
component.  This data is particularly useful when a
component manufacturer is different than the overall
device vendor.</text>
      </description>
    </leaf>
    <leaf name="mfg-date">
      <type name="oc-yang:date"/>
      <description>
        <text>System-supplied representation of the component's
manufacturing date.</text>
      </description>
    </leaf>
    <leaf name="hardware-version">
      <type name="string"/>
      <description>
        <text>For hardware components, this is the hardware revision of
the component.</text>
      </description>
    </leaf>
    <leaf name="firmware-version">
      <type name="string"/>
      <description>
        <text>For hardware components, this is the version of associated
firmware that is running on the component, if applicable.</text>
      </description>
    </leaf>
    <leaf name="software-version">
      <type name="string"/>
      <description>
        <text>For software components such as operating system or other
software module, this is the version of the currently
running software.</text>
      </description>
    </leaf>
    <leaf name="serial-no">
      <type name="string"/>
      <description>
        <text>System-assigned serial number of the component.</text>
      </description>
    </leaf>
    <leaf name="part-no">
      <type name="string"/>
      <description>
        <text>System-assigned part number for the component.  This should
be present in particular if the component is also an FRU
(field replaceable unit)</text>
      </description>
    </leaf>
    <leaf name="model-name">
      <when condition="../removable = 'true' or ../type = 'oc-platform-types:CHASSIS'"/>
      <mandatory value="true"/>
      <type name="string"/>
      <description>
        <text>Model name that would be found in a catalog of stock keeping
units (SKU) and should be the orderable name of the
component.</text>
      </description>
    </leaf>
    <leaf name="clei-code">
      <type name="string"/>
      <description>
        <text>Common Language Equipment Identifier (CLEI) code of the
component.  This should be present in particular if the
component is also an FRU (field replaceable unit)</text>
      </description>
    </leaf>
    <leaf name="removable">
      <type name="boolean"/>
      <description>
        <text>If true, this component is removable or is a field
replaceable unit</text>
      </description>
    </leaf>
    <leaf name="oper-status">
      <type name="identityref">
        <base name="oc-platform-types:COMPONENT_OPER_STATUS"/>
      </type>
      <description>
        <text>If applicable, this reports the current operational status
of the component.</text>
      </description>
    </leaf>
    <leaf name="empty">
      <type name="boolean"/>
      <default value="false"/>
      <description>
        <text>The empty leaf may be used by the device to indicate that a
component position exists but is not populated.  Using this
flag, it is possible for the management system to learn how
many positions are available (e.g., occupied vs. empty
linecard slots in a chassis).</text>
      </description>
    </leaf>
    <leaf name="parent">
      <type name="leafref">
        <path value="../../../component/config/name"/>
      </type>
      <description>
        <text>Reference to the name of the parent component.  Note that
this reference must be kept synchronized with the
corresponding subcomponent reference from the parent
component.</text>
      </description>
    </leaf>
    <leaf name="redundant-role">
      <type name="oc-platform-types:component-redundant-role"/>
      <description>
        <text>For components that have redundant roles (e.g. two
supervisors in a device, one as primary the other as secondary),
this reports the role of the component.</text>
      </description>
    </leaf>
    <container name="last-poweroff-reason">
      <description>
        <text>Records last power-off reason for a component.</text>
      </description>
      <uses name="oc-platform-types:component-last-poweroff-reason"/>
    </container>
    <leaf name="last-poweroff-time">
      <type name="oc-types:timeticks64"/>
      <units name="nanoseconds"/>
      <description>
        <text>This records the last time a component was directly powered
down. The value is a Unix Epoch timestamp (nanoseconds since
Jan 1, 1970 00:00:00 UTC). Component power-off can be:
- USER_INITIATED
- SYSTEM_INITIATED
- POWER_FAILURE
This field is not updated during reboots; those are tracked
in the 'last-reboot-time' leaf.</text>
      </description>
    </leaf>
    <container name="last-switchover-reason">
      <description>
        <text>For components that have redundant roles (e.g. two
supervisors in a device, one as primary the other as secondary),
this reports the reason of the last change of the
component's role.</text>
      </description>
      <uses name="oc-platform-types:component-redundant-role-switchover-reason"/>
    </container>
    <leaf name="last-switchover-time">
      <type name="oc-types:timeticks64"/>
      <units name="nanoseconds"/>
      <description>
        <text>For components that have redundant roles (e.g. two
supervisors in a device, one as primary the other as
secondary), this reports the time of the last change of
the component's role. The value is the timestamp in
nanoseconds relative to the Unix Epoch (Jan 1, 1970 00:00:00 UTC).</text>
      </description>
    </leaf>
    <leaf name="last-reboot-reason">
      <type name="identityref">
        <base name="oc-platform-types:COMPONENT_REBOOT_REASON"/>
      </type>
      <description>
        <text>This reports the reason of the last reboot of the component.</text>
      </description>
    </leaf>
    <leaf name="last-reboot-time">
      <type name="oc-types:timeticks64"/>
      <units name="nanoseconds"/>
      <description>
        <text>This reports the time of the last reboot of the component. The
value is the timestamp in nanoseconds relative to the Unix Epoch
(Jan 1, 1970 00:00:00 UTC). This timer is not updated during
power shutdowns; those are tracked in 'last-poweroff-time' leaf.</text>
      </description>
    </leaf>
    <leaf name="switchover-ready">
      <type name="boolean"/>
      <description>
        <text>For components that have redundant roles, this reports a value
that indicates if the component is ready to support failover.

The components with a redundant-role should reflect the overall
system's switchover status.  For example, two supervisors in a
device, one as primary and the other as secondary, should both
report the same value.</text>
      </description>
    </leaf>
    <leaf name="base-mac-address">
      <type name="oc-yang:mac-address"/>
      <description>
        <text>This is a MAC address representing the root or primary MAC
address for a component.  Components such as CHASSIS and
CONTROLLER_CARD are expected to provide a base-mac-address.  The
base mac-address for CHASSIS and a PRIMARY CONTROLLER_CARD may
contain the same value.</text>
      </description>
    </leaf>
  </grouping>
  <grouping name="platform-component-temp-alarm-state">
    <description>
      <text>Temperature alarm data for platform components</text>
    </description>
    <leaf name="alarm-status">
      <type name="boolean"/>
      <description>
        <text>A value of true indicates the alarm has been raised or
asserted.  The value should be false when the alarm is
cleared.</text>
      </description>
    </leaf>
    <leaf name="alarm-threshold">
      <type name="uint32"/>
      <description>
        <text>The threshold value that was crossed for this alarm.</text>
      </description>
    </leaf>
    <leaf name="alarm-severity">
      <type name="identityref">
        <base name="oc-alarm-types:OPENCONFIG_ALARM_SEVERITY"/>
      </type>
      <description>
        <text>The severity of the current alarm.</text>
      </description>
    </leaf>
  </grouping>
  <grouping name="platform-component-power-state">
    <description>
      <text>Power-related operational state for device components.</text>
    </description>
    <leaf name="allocated-power">
      <type name="uint32"/>
      <units name="watts"/>
      <description>
        <text>Power allocated by the system for the component.</text>
      </description>
    </leaf>
    <leaf name="used-power">
      <type name="uint32"/>
      <units name="watts"/>
      <description>
        <text>Actual power used by the component.</text>
      </description>
    </leaf>
  </grouping>
  <grouping name="platform-component-temp-state">
    <description>
      <text>Temperature state data for device components</text>
    </description>
    <container name="temperature">
      <description>
        <text>Temperature in degrees Celsius of the component. Values include
the instantaneous, average, minimum, and maximum statistics. If
avg/min/max statistics are not supported, the target is expected
to just supply the instant value</text>
      </description>
      <uses name="oc-platform-types:avg-min-max-instant-stats-precision1-celsius"/>
      <uses name="platform-component-temp-alarm-state"/>
    </container>
  </grouping>
  <grouping name="platform-component-memory-state">
    <description>
      <text>Per-component memory statistics</text>
    </description>
    <container name="memory">
      <description>
        <text>For components that have associated memory, these values
report information about available and utilized memory.</text>
      </description>
      <leaf name="available">
        <type name="uint64"/>
        <units name="bytes"/>
        <description>
          <text>The available memory physically installed, or logically
allocated to the component.</text>
        </description>
      </leaf>
      <leaf name="utilized">
        <type name="uint64"/>
        <units name="bytes"/>
        <description>
          <text>The memory currently in use by processes running on
the component, not considering reserved memory that is
not available for use.</text>
        </description>
      </leaf>
    </container>
  </grouping>
  <grouping name="pcie-uncorrectable-errors">
    <description>
      <text>PCIe uncorrectable error statistics.</text>
    </description>
    <leaf name="total-errors">
      <type name="oc-yang:counter64"/>
      <description>
        <text>Total number of uncorrectable errors detected by PCIe device
since the system booted, according to PCIe AER driver.</text>
      </description>
    </leaf>
    <leaf name="undefined-errors">
      <type name="oc-yang:counter64"/>
      <description>
        <text>Number of undefined errors detected by PCIe device since the
system booted, according to PCIe AER driver.</text>
      </description>
    </leaf>
    <leaf name="data-link-errors">
      <type name="oc-yang:counter64"/>
      <description>
        <text>Number of data-link errors detected by PCIe device since the
system booted, according to PCIe AER driver.</text>
      </description>
    </leaf>
    <leaf name="surprise-down-errors">
      <type name="oc-yang:counter64"/>
      <description>
        <text>Number of unexpected link down errors detected by PCIe device
since the system booted, according to PCIe AER driver.</text>
      </description>
    </leaf>
    <leaf name="poisoned-tlp-errors">
      <type name="oc-yang:counter64"/>
      <description>
        <text>Number of poisoned TLP errors detected by PCIe device since the
system booted, according to PCIe AER driver.</text>
      </description>
    </leaf>
    <leaf name="flow-control-protocol-errors">
      <type name="oc-yang:counter64"/>
      <description>
        <text>Number of flow control protocol errors detected by PCIe device
since the system booted, according to PCIe AER driver.</text>
      </description>
    </leaf>
    <leaf name="completion-timeout-errors">
      <type name="oc-yang:counter64"/>
      <description>
        <text>Number of completion timeout errors detected by PCIe device
since the system booted, according to PCIe AER driver.</text>
      </description>
    </leaf>
    <leaf name="completion-abort-errors">
      <type name="oc-yang:counter64"/>
      <description>
        <text>Number of completion abort errors detected by PCIe device
since the system booted, according to PCIe AER driver.</text>
      </description>
    </leaf>
    <leaf name="unexpected-completion-errors">
      <type name="oc-yang:counter64"/>
      <description>
        <text>Number of unexpected completion errors detected by PCIe device
since the system booted, according to PCIe AER driver.</text>
      </description>
    </leaf>
    <leaf name="receiver-overflow-errors">
      <type name="oc-yang:counter64"/>
      <description>
        <text>Number of receiver overflow errors detected by PCIe device
since the system booted, according to PCIe AER driver.</text>
      </description>
    </leaf>
    <leaf name="malformed-tlp-errors">
      <type name="oc-yang:counter64"/>
      <description>
        <text>Number of malformed TLP errors detected by PCIe device since the
system booted, according to PCIe AER driver.</text>
      </description>
    </leaf>
    <leaf name="ecrc-errors">
      <type name="oc-yang:counter64"/>
      <description>
        <text>Number of ECRC errors detected by PCIe device since the system
booted, according to PCIe AER driver.</text>
      </description>
    </leaf>
    <leaf name="unsupported-request-errors">
      <type name="oc-yang:counter64"/>
      <description>
        <text>Number of unsupported request errors detected by PCIe device
since the system booted, according to PCIe AER driver.</text>
      </description>
    </leaf>
    <leaf name="acs-violation-errors">
      <type name="oc-yang:counter64"/>
      <description>
        <text>Number of access control errors detected by PCIe device since
the system booted, according to PCIe AER driver.</text>
      </description>
    </leaf>
    <leaf name="internal-errors">
      <type name="oc-yang:counter64"/>
      <description>
        <text>Number of internal errors detected by PCIe device since the
system booted, according to PCIe AER driver.</text>
      </description>
    </leaf>
    <leaf name="blocked-tlp-errors">
      <type name="oc-yang:counter64"/>
      <description>
        <text>Number of blocked TLP errors detected by PCIe device since
the system booted, according to PCIe AER driver.</text>
      </description>
    </leaf>
    <leaf name="atomic-op-blocked-errors">
      <type name="oc-yang:counter64"/>
      <description>
        <text>Number of atomic operation blocked errors detected by PCIe
device since the system booted, according to PCIe AER driver.</text>
      </description>
    </leaf>
    <leaf name="tlp-prefix-blocked-errors">
      <type name="oc-yang:counter64"/>
      <description>
        <text>Number of TLP prefix blocked errors detected by PCIe device
since the system booted, according to PCIe AER driver.</text>
      </description>
    </leaf>
  </grouping>
  <grouping name="pcie-correctable-errors">
    <description>
      <text>PCIe correctable error statistics.</text>
    </description>
    <leaf name="total-errors">
      <type name="oc-yang:counter64"/>
      <description>
        <text>Total number of correctable errors detected by PCIe device
since the system booted, according to PCIe AER driver.</text>
      </description>
    </leaf>
    <leaf name="receiver-errors">
      <type name="oc-yang:counter64"/>
      <description>
        <text>Number of receiver errors detected by PCIe device since the
system booted, according to PCIe AER driver.</text>
      </description>
    </leaf>
    <leaf name="bad-tlp-errors">
      <type name="oc-yang:counter64"/>
      <description>
        <text>Number of TLPs with bad LCRC detected by PCIe device since the
system booted, according to PCIe AER driver.</text>
      </description>
    </leaf>
    <leaf name="bad-dllp-errors">
      <type name="oc-yang:counter64"/>
      <description>
        <text>Number of DLLPs with bad LCRC detected by PCIe device since the
system booted, according to PCIe AER driver.</text>
      </description>
    </leaf>
    <leaf name="relay-rollover-errors">
      <type name="oc-yang:counter64"/>
      <description>
        <text>Number of relay rollover errors detected by PCIe device since the
system booted, according to PCIe AER driver.</text>
      </description>
    </leaf>
    <leaf name="replay-timeout-errors">
      <type name="oc-yang:counter64"/>
      <description>
        <text>Number of replay timeout errors detected by PCIe device since the
system booted, according to PCIe AER driver.</text>
      </description>
    </leaf>
    <leaf name="advisory-non-fatal-errors">
      <type name="oc-yang:counter64"/>
      <description>
        <text>Number of advisory non fatal errors detected by PCIe device since
the system booted, according to PCIe AER driver.</text>
      </description>
    </leaf>
    <leaf name="internal-errors">
      <type name="oc-yang:counter64"/>
      <description>
        <text>Number of internal errors detected by PCIe device since the system
booted, according to PCIe AER driver.</text>
      </description>
    </leaf>
    <leaf name="hdr-log-overflow-errors">
      <type name="oc-yang:counter64"/>
      <description>
        <text>Number of header log overflow errors detected by PCIe device since
the system booted, according to PCIe AER driver.</text>
      </description>
    </leaf>
  </grouping>
  <grouping name="platform-component-pcie-state">
    <description>
      <text>Per-component PCIe error statistics</text>
    </description>
    <container name="pcie">
      <description>
        <text>Components that are connected to the system over the Peripheral
Component Interconnect Express (PCIe), report the fatal, non-fatal
and correctable PCIe error counts.</text>
      </description>
      <container name="fatal-errors">
        <description>
          <text>The count of the fatal PCIe errors.</text>
        </description>
        <uses name="pcie-uncorrectable-errors"/>
      </container>
      <container name="non-fatal-errors">
        <description>
          <text>The count of the non-fatal PCIe errors.</text>
        </description>
        <uses name="pcie-uncorrectable-errors"/>
      </container>
      <container name="correctable-errors">
        <description>
          <text>The count of the correctable PCIe errors.</text>
        </description>
        <uses name="pcie-correctable-errors"/>
      </container>
    </container>
  </grouping>
  <grouping name="platform-anchors-top">
    <description>
      <text>This grouping is used to add containers for components that
are common across systems, but do not have a defined schema
within the openconfig-platform module.  Containers should be
added to this grouping for components that are expected to
exist in multiple systems, with corresponding modules
augmenting the config/state containers directly.</text>
    </description>
    <container name="chassis">
      <description>
        <text>Data for chassis components</text>
      </description>
      <container name="config">
        <description>
          <text>Configuration data for chassis components</text>
        </description>
      </container>
      <container name="state">
        <config value="false"/>
        <description>
          <text>Operational state data for chassis components</text>
        </description>
      </container>
      <uses name="platform-resource-utilization-top"/>
    </container>
    <container name="port">
      <description>
        <text>Data for physical port components</text>
      </description>
      <container name="config">
        <description>
          <text>Configuration data for physical port components</text>
        </description>
      </container>
      <container name="state">
        <config value="false"/>
        <description>
          <text>Operational state data for physical port components</text>
        </description>
      </container>
    </container>
    <container name="power-supply">
      <description>
        <text>Data for power supply components</text>
      </description>
      <container name="config">
        <description>
          <text>Configuration data for power supply components</text>
        </description>
      </container>
      <container name="state">
        <config value="false"/>
        <description>
          <text>Operational state data for power supply components</text>
        </description>
      </container>
    </container>
    <container name="fan">
      <description>
        <text>Data for fan components</text>
      </description>
      <container name="config">
        <description>
          <text>Configuration data for fan components</text>
        </description>
      </container>
      <container name="state">
        <config value="false"/>
        <description>
          <text>Operational state data for fan components</text>
        </description>
      </container>
    </container>
    <container name="fabric">
      <description>
        <text>Data for fabric components</text>
      </description>
      <container name="config">
        <description>
          <text>Configuration data for fabric components</text>
        </description>
      </container>
      <container name="state">
        <config value="false"/>
        <description>
          <text>Operational state data for fabric components</text>
        </description>
      </container>
    </container>
    <container name="storage">
      <description>
        <text>Data for storage components</text>
      </description>
      <container name="config">
        <description>
          <text>Configuration data for storage components</text>
        </description>
      </container>
      <container name="state">
        <config value="false"/>
        <description>
          <text>Operational state data for storage components</text>
        </description>
      </container>
    </container>
    <container name="cpu">
      <description>
        <text>Data for cpu components</text>
      </description>
      <container name="config">
        <description>
          <text>Configuration data for cpu components</text>
        </description>
      </container>
      <container name="state">
        <config value="false"/>
        <description>
          <text>Operational state data for cpu components</text>
        </description>
      </container>
    </container>
    <container name="integrated-circuit">
      <description>
        <text>Data for chip components, such as ASIC, NPUs, etc.</text>
      </description>
      <container name="config">
        <description>
          <text>Configuration data for chip components</text>
        </description>
      </container>
      <container name="state">
        <config value="false"/>
        <description>
          <text>Operational state data for chip components</text>
        </description>
      </container>
      <uses name="platform-resource-utilization-top"/>
    </container>
    <container name="backplane">
      <description>
        <text>Data for backplane components</text>
      </description>
      <container name="config">
        <description>
          <text>Configuration data for backplane components</text>
        </description>
      </container>
      <container name="state">
        <config value="false"/>
        <description>
          <text>Operational state data for backplane components</text>
        </description>
      </container>
    </container>
    <container name="software-module">
      <description>
        <text>Data for software module components, i.e., for components
with type=SOFTWARE_MODULE</text>
      </description>
      <container name="config">
        <description>
          <text>Configuration data for software module components</text>
        </description>
      </container>
      <container name="state">
        <config value="false"/>
        <description>
          <text>Operational state data for software module components</text>
        </description>
      </container>
    </container>
    <container name="controller-card">
      <description>
        <text>Data for controller card components, i.e., for components
with type=CONTROLLER_CARD</text>
      </description>
      <container name="config">
        <description>
          <text>Configuration data for controller card components.</text>
        </description>
      </container>
      <container name="state">
        <config value="false"/>
        <description>
          <text>Operational state data for controller card components</text>
        </description>
      </container>
    </container>
  </grouping>
  <grouping name="platform-component-top">
    <description>
      <text>Top-level grouping for components in the device inventory</text>
    </description>
    <container name="components">
      <description>
        <text>Enclosing container for the components in the system.</text>
      </description>
      <list name="component">
        <key value="name"/>
        <description>
          <text>List of components, keyed by component name.</text>
        </description>
        <leaf name="name">
          <type name="leafref">
            <path value="../config/name"/>
          </type>
          <description>
            <text>References the component name</text>
          </description>
        </leaf>
        <container name="config">
          <description>
            <text>Configuration data for each component</text>
          </description>
          <uses name="platform-component-config"/>
        </container>
        <container name="state">
          <config value="false"/>
          <description>
            <text>Operational state data for each component</text>
          </description>
          <uses name="platform-component-config"/>
          <uses name="platform-component-state"/>
          <uses name="platform-component-temp-state"/>
          <uses name="platform-component-memory-state"/>
          <uses name="platform-component-power-state"/>
          <uses name="platform-component-pcie-state">
            <when condition="./type = 'oc-platform-types:STORAGE' or 'oc-platform-types:INTEGRATED_CIRCUIT' or 'oc-platform-types:FRU'"/>
          </uses>
        </container>
        <uses name="platform-component-properties-top"/>
        <uses name="platform-subcomponent-ref-top"/>
        <uses name="platform-anchors-top"/>
      </list>
    </container>
  </grouping>
  <uses name="platform-component-top"/>
</module>
